"Date","Calories","Carbs","Fat","Protein","Food_Amount","Water_Amount","Weight","BMI","Heart_Rate","Calories_Burned","Duration_Minutes","Duration","Active_Duration","Steps"
2019-11-09,1601,165.57,47.55,103.9,2045.25,NA,169.7,27.28,88.5,136,28.16,1690000,1394000,2134
2019-11-10,1793,205.59,57.54,87,1866.5,NA,NA,NA,119,812,115.51,6931000,6927000,10404
2019-11-11,1525,183.01,32.92,100.69,1797.9,1500,169.7,27.28,104,130,23.88,1433000,1433000,2192
2019-11-12,1585,190.16,38.16,98.35,1768.9,NA,NA,NA,114.333333333333,817,123.38,7403000,7398000,10662
2019-11-13,1475,186.06,39.84,82.45,1632.5,1500,NA,NA,105.666666666667,592,110.08,6605000,6605000,9606
2019-11-14,1610,193.88,36.35,106.54,2006.5,NA,NA,NA,113.333333333333,846,132.22,7933000,7929000,11537
2019-11-15,1617,201.42,37.19,100.26,1936.5,NA,NA,NA,102,236,42.67,2560000,2560000,4020
2019-11-16,1479,157.13,56.18,74.59,1722.5,1000,NA,NA,101.5,557,106.69,6401000,6401000,9072
2019-11-17,1596,197.69,48.94,77.86,1632.5,NA,NA,NA,113.75,862,127.26,7636000,7533000,13607
2019-11-18,1770,149.64,88.31,79.85,1070.5,NA,168.4,27.07,97,476,92.18,5531000,5531000,8092
2019-11-19,1519,123.33,61.66,97.41,1944.9,NA,NA,NA,114.666666666667,591,93.38,5603000,5574000,9583
2019-11-20,1541,199.71,25.22,107.31,1825.5,NA,NA,NA,99,288,54.64,3278000,3278000,4926
2019-11-21,1378,172.69,33.67,85.28,1806.75,NA,167.5,26.93,104.333333333333,901,156,9360000,9184000,15149
2019-11-22,1398,172.69,33.87,89.68,1826.75,NA,NA,NA,110.75,900,139.35,8361000,8357000,12846
2019-11-23,1561,197.86,29.96,100.82,2565.5,NA,NA,NA,107,232,39.25,2355000,2355000,3875
2019-11-24,2134,247.85,74.44,96.3,1830.5,NA,NA,NA,114.8,997,156.88,9413000,9410000,12550
2019-11-25,1442,182.34,31.79,94.3,2230.5,1500,NA,NA,98.5,358,67.43,4046000,4046000,5877
2019-11-26,1528,182.01,45.14,93.38,1662.5,NA,NA,NA,99.3333333333333,470,86.2,5172000,5172000,7806
2019-11-27,1522,174.71,43.98,88.94,1868.5,1500,NA,NA,109.333333333333,771,122.29,7338000,7334000,10469
2019-11-28,1834,219.57,48.87,106.65,2243,NA,NA,NA,98,452,85.34,5120000,5120000,7501
2019-11-29,1324,177.38,23.99,80.21,1561.5,1500,NA,NA,120,735,101.8,6108000,6025000,11565
2019-11-30,1546,190.43,44.73,79.08,1797.5,1500,NA,NA,98.5,230,44.38,2663000,2663000,3815
2019-12-01,1888,244.11,52.49,94.66,1957.5,1000,NA,NA,113.5,829,119.9,7194000,7179000,13345
2019-12-02,1500,188.63,40.25,86.04,1610,NA,NA,NA,99.6666666666667,440,83.62,5017000,5017000,7398
2019-12-03,1390,149.01,47.13,85.46,949.3,1500,165.5,26.61,101.666666666667,499,98.13,5888000,5888000,8173
2019-12-04,1589,185.05,41.88,99.14,2075.1,1500,NA,NA,108.333333333333,766,132.5,7950000,7947000,10441
2019-12-05,1439,175.39,42.1,82.62,1755,1250,NA,NA,100.666666666667,540,108.38,6503000,6503000,8740
2019-12-06,1544,193.72,36.4,83.86,1922.5,1250,NA,NA,99,255,50.35,3021000,3021000,4161
2019-12-07,2622,276.99,108.23,111.95,1853.5,NA,NA,NA,121,691,115.58,6935000,6802000,12031
2019-12-08,2169,269.43,86.11,61.14,1478,NA,NA,NA,120,530,75.12,4507000,4441000,8887
2019-12-09,1546,203.65,40.07,77.49,1917.6,1500,NA,NA,95.75,703,147.62,8857000,8857000,11347
2019-12-10,1531,167.07,58.73,70.82,1963,NA,165.3,26.57,99,462,88.74,5324000,5324000,7836
2019-12-11,1549,203.58,45.42,77.37,2234.5,NA,NA,NA,100.333333333333,432,79.35,4761000,4761000,7411
2019-12-12,1584,191.23,52.83,72.18,1805,NA,164,26.36,98.6666666666667,483,94.74,5684000,5684000,7913
2019-12-13,1454,157.87,48.7,89.09,1081,NA,NA,NA,111.666666666667,834,129.3,7758000,7756000,10442
2019-12-14,1698,194.43,54.24,69.62,1121.7,NA,NA,NA,102.666666666667,363,66.56,3994000,3994000,5886
2019-12-15,1900,221.15,80.87,62.65,1030,NA,NA,NA,116.25,871,122.7,7362000,7318000,13593
2019-12-16,1702,200.47,62.87,86.37,1478.5,NA,NA,NA,100.5,363,68.27,4096000,4096000,6228
2019-12-17,1793,206.54,56.32,76.72,1747.1,NA,NA,NA,114.666666666667,801,128.95,7737000,7319000,13353
2019-12-18,1460,178.88,52.27,49.13,1208.9,750,NA,NA,96.6666666666667,559,115.2,6912000,6912000,8743
2019-12-19,1390,182.76,38.07,65.5,1552.5,NA,NA,NA,115.666666666667,797,118.42,7105000,6903000,13253
2019-12-20,2143,225.91,102.42,68.36,1298,NA,NA,NA,99.5,293,57.16,3430000,3430000,4872
2019-12-21,2074,194.79,96.52,97.76,1252.5,NA,NA,NA,103,315,59.74,3584000,3584000,5140
2019-12-22,NA,NA,NA,NA,NA,NA,NA,NA,100.5,344,64.85,3891000,3891000,5838
2019-12-23,NA,NA,NA,NA,NA,NA,NA,NA,99,385,75.08,4505000,4505000,6395
2019-12-24,NA,NA,NA,NA,NA,NA,NA,NA,100,116,21.33,1280000,1280000,2035
2019-12-25,NA,NA,NA,NA,NA,NA,NA,NA,99,631,123.73,7424000,7424000,10775
2019-12-26,NA,NA,NA,NA,NA,NA,NA,NA,100.5,397,78.52,4711000,4711000,6726
2019-12-27,256,30,13,3.2,100,NA,NA,NA,104,362,66.55,3993000,3993000,6087
2019-12-28,NA,NA,NA,NA,NA,NA,NA,NA,106.333333333333,465,86.18,5171000,5171000,7827
2019-12-29,2565,327.25,101.23,82.37,1348,NA,NA,NA,116,881,134.76,8086000,7938000,14873
2019-12-30,NA,NA,NA,NA,NA,NA,NA,NA,102.666666666667,458,88.73,5324000,5324000,7645
2019-12-31,NA,NA,NA,NA,NA,NA,NA,NA,125,609,84.5,5070000,4933000,10352
2020-01-01,1692,106.7,75.5,4.2,1230,NA,NA,NA,100.5,309,61.45,3687000,3687000,5171
2020-01-02,NA,NA,NA,NA,NA,NA,NA,NA,104,431,82.76,4966000,4966000,7459
2020-01-03,NA,NA,NA,NA,NA,NA,NA,NA,102,132,26.45,1587000,1587000,2188
2020-01-04,NA,NA,NA,NA,NA,NA,NA,NA,106.5,341,64.85,3891000,3891000,5755
2020-01-05,NA,NA,NA,NA,NA,NA,NA,NA,103,359,69.99,4199000,4199000,6091
2020-01-06,NA,NA,NA,NA,NA,NA,NA,NA,103,299,58.9,3534000,3534000,5240
2020-01-07,1991,228.94,59.88,101.98,2220.5,1500,NA,NA,100.5,335,66.57,3994000,3994000,5760
2020-01-08,1548,164.25,60.22,76.09,1873,1500,NA,NA,116.5,840,136.69,8202000,7860000,14345
2020-01-09,1653,176.22,58.12,85.25,2152,NA,NA,NA,105,338,66.55,3993000,3993000,5650
2020-01-10,1700,232.84,40.79,81.36,1755,1000,166.2,26.71,106,326,59.75,3585000,3585000,5734
2020-01-11,1479,170.02,53.74,67.8,1842.5,NA,NA,NA,116.5,869,139.41,8365000,8185000,14776
2020-01-12,2298,305.89,87.82,54.39,1723,NA,NA,NA,113.5,692,119.85,7191000,7184000,10082
2020-01-13,NA,NA,NA,NA,NA,NA,NA,NA,104.5,386,73.4,4404000,4404000,6513
2020-01-14,NA,NA,NA,NA,NA,NA,NA,NA,NA,NA,NA,NA,NA,NA
2020-01-15,NA,NA,NA,NA,NA,NA,NA,NA,104,280,52.9,3174000,3174000,4777
2020-01-16,NA,NA,NA,NA,NA,NA,NA,NA,104.333333333333,986,190.3,11418000,11418000,16319
2020-01-17,NA,NA,NA,NA,NA,NA,NA,NA,109.333333333333,452,83.62,5017000,5017000,7476
2020-01-18,NA,NA,NA,NA,NA,NA,NA,NA,NA,NA,NA,NA,NA,NA
2020-01-19,NA,NA,NA,NA,NA,NA,NA,NA,106.5,302,57.17,3430000,3430000,5169
2020-01-20,2024,240.55,74.06,85.87,1392.52,NA,NA,NA,102,137,27.3,1638000,1638000,2374
2020-01-21,396,55.2,10.2,18.6,300,NA,NA,NA,106,476,91.32,5479000,5479000,7774
2020-01-22,NA,NA,NA,NA,NA,NA,NA,NA,111,127,22.18,1331000,1331000,2152
2020-01-23,NA,NA,NA,NA,NA,NA,NA,NA,105.75,717,145.09,8705000,8705000,11776
2020-01-24,331,37.78,10.94,19.38,152,NA,NA,NA,108,530,96.42,5785000,5785000,8977
2020-01-25,433,34.09,19.96,27.75,251,NA,NA,NA,105,482,91.3,5478000,5478000,8265
2020-01-26,NA,NA,NA,NA,NA,NA,NA,NA,NA,NA,NA,NA,NA,NA
2020-01-27,NA,NA,NA,NA,NA,NA,NA,NA,105.2,828,160.42,9625000,9625000,14033
2020-01-28,NA,NA,NA,NA,NA,NA,NA,NA,105,437,80.22,4813000,4813000,7451
2020-01-29,239,27.5,13,2.3,50,NA,NA,NA,109,334,61.45,3687000,3687000,5742
2020-01-30,NA,NA,NA,NA,NA,NA,NA,NA,117.6,852,158.97,9539000,9286000,12120
2020-01-31,NA,NA,NA,NA,NA,NA,NA,NA,107.666666666667,499,93.02,5581000,5581000,8630
2020-02-01,NA,NA,NA,NA,NA,NA,NA,NA,106,397,81.07,4864000,4864000,6536
2020-02-02,NA,NA,NA,NA,NA,NA,NA,NA,NA,NA,NA,NA,NA,NA
2020-02-03,2443,252.66,85.82,89.95,1631,750,NA,NA,118.142857142857,1311,220.51,13230000,13217000,20393
2020-02-04,2097,220.55,72.46,120.27,1679.58,1500,NA,NA,109,342,64.87,3892000,3892000,5988
2020-02-05,1784,231.92,46.41,97.67,2294,NA,NA,NA,105,424,80.22,4813000,4813000,7306
2020-02-06,1484,175.07,37.71,76.55,1761,1750,NA,NA,100.5,358,67.4,4044000,4044000,6241
2020-02-07,1923,204.12,54.71,125.92,2486,NA,NA,NA,102,362,69.1,4146000,4146000,6312
2020-02-08,1739,185.21,75.3,73.57,1364,NA,NA,NA,98,490,94.72,5683000,5683000,8373
2020-02-09,1680,243.59,56,63.95,1512.5,NA,NA,NA,105.25,976,174.27,10456000,10454000,13765
2020-02-10,1670,219.61,44.97,81.11,1823,NA,NA,NA,112,97,17.07,1024000,1024000,1597
2020-02-11,1649,196.37,59.81,56.53,1731,NA,NA,NA,105.833333333333,1040,186.54,11192000,11046000,16194
2020-02-12,1743,215.92,54.94,71.46,1745,3500,NA,NA,101,510,98.13,5888000,5888000,8750
2020-02-13,1652,150.42,73.99,84.13,1388,3000,NA,NA,97.5,361,72.51,4351000,4351000,5863
2020-02-14,1015,121.25,38.86,34.61,570,750,NA,NA,105.5,362,65.7,3942000,3942000,6279
2020-02-15,1364,165.48,45.91,54.47,1116,NA,NA,NA,99,382,75.08,4505000,4505000,6562
2020-02-16,NA,NA,NA,NA,NA,NA,NA,NA,105.5,297,54.62,3277000,3277000,5070
2020-02-17,NA,NA,NA,NA,NA,NA,NA,NA,99,134,26.47,1588000,1588000,2203
2020-02-18,NA,NA,NA,NA,NA,500,NA,NA,102,483,92.15,5529000,5529000,8360
2020-02-19,NA,NA,NA,NA,NA,NA,NA,NA,106,355,67.4,4044000,4044000,6073
2020-02-20,NA,NA,NA,NA,NA,NA,NA,NA,101,457,92.17,5530000,5530000,7790
2020-02-21,NA,NA,NA,NA,NA,NA,NA,NA,103.5,376,71.67,4300000,4300000,6515
2020-02-22,NA,NA,NA,NA,NA,NA,NA,NA,105.5,308,56.33,3380000,3380000,5293
2020-02-23,NA,NA,NA,NA,NA,NA,NA,NA,106,471,88.73,5324000,5324000,8253
2020-02-24,NA,NA,NA,NA,NA,NA,NA,NA,101,356,69.12,4147000,4147000,6189
2020-02-25,NA,NA,NA,NA,NA,NA,NA,NA,102.333333333333,461,89.62,5377000,5377000,7881
2020-02-26,NA,NA,NA,NA,NA,NA,NA,NA,106.666666666667,494,93,5580000,5580000,8574
2020-02-27,NA,NA,NA,NA,NA,NA,NA,NA,109.666666666667,504,94.73,5684000,5684000,8345
2020-02-28,NA,NA,NA,NA,NA,NA,NA,NA,104,365,70.83,4250000,4250000,6241
2020-02-29,NA,NA,NA,NA,NA,NA,NA,NA,107.5,318,58.89,3533000,3533000,5445
2020-03-01,NA,NA,NA,NA,NA,NA,NA,NA,NA,NA,NA,NA,NA,NA
2020-03-02,NA,NA,NA,NA,NA,NA,NA,NA,109.8,899,181.27,10876000,10873000,12862
2020-03-03,NA,NA,NA,NA,NA,NA,NA,NA,102,329,63.13,3788000,3788000,5774
2020-03-04,NA,NA,NA,NA,NA,NA,NA,NA,105.333333333333,473,88.75,5325000,5325000,8208
2020-03-05,NA,NA,NA,NA,NA,NA,NA,NA,104.5,377,68.29,4097000,4097000,6639
2020-03-06,NA,NA,NA,NA,NA,NA,NA,NA,107,213,39.25,2355000,2355000,3838
2020-03-07,NA,NA,NA,NA,NA,NA,NA,NA,104,482,94.71,5683000,5683000,8245
2020-03-08,NA,NA,NA,NA,NA,NA,NA,NA,100.5,248,48.67,2920000,2920000,4081
2020-03-09,NA,NA,NA,NA,NA,NA,NA,NA,102.5,776,153.6,9216000,9216000,13087
2020-03-10,NA,NA,NA,NA,NA,NA,NA,NA,103.5,365,71.7,4302000,4302000,6178
2020-03-11,1739,192.7,66.93,80.02,1475,1500,NA,NA,106.333333333333,504,100.7,6042000,6042000,8722
2020-03-12,1922,243.78,66.02,79.12,1745.5,NA,NA,NA,104.25,582,116.89,7013000,7013000,9667
2020-03-13,1837,236.99,62.7,74.23,1644.6,NA,NA,NA,105.666666666667,514,95.58,5735000,5735000,9022
2020-03-14,2111,255.17,70.43,93.3,1928.5,NA,NA,NA,102,340,65.7,3942000,3942000,5757
2020-03-15,NA,NA,NA,NA,NA,NA,NA,NA,103.5,352,67.43,4046000,4046000,5983
2020-03-16,NA,NA,NA,NA,NA,NA,NA,NA,101.666666666667,532,104.95,6297000,6297000,9205
2020-03-17,NA,NA,NA,NA,NA,NA,NA,NA,109.25,673,120.35,7221000,7217000,10876
2020-03-18,NA,NA,NA,NA,NA,NA,NA,NA,100,375,76.8,4608000,4608000,6231
2020-03-19,NA,NA,NA,NA,NA,NA,NA,NA,101,503,109.22,6553000,6553000,8052
2020-03-20,NA,NA,NA,NA,NA,NA,NA,NA,102.333333333333,502,95.58,5735000,5735000,8647
2020-03-21,NA,NA,NA,NA,NA,NA,NA,NA,103,560,104.07,6244000,6244000,9845
2020-03-22,NA,NA,NA,NA,NA,NA,NA,NA,109.5,936,161.26,9676000,9557000,16148
2020-03-23,NA,NA,NA,NA,NA,NA,NA,NA,109,104,19.62,1177000,1177000,1693
2020-03-24,NA,NA,NA,NA,NA,NA,NA,NA,104.833333333333,1014,206.18,12371000,12040000,16065
2020-03-25,381,55.8,12.08,13,180,NA,NA,NA,104.333333333333,473,88.77,5326000,5326000,8241
2020-03-26,1678,195.79,61.16,51.56,1279,1500,NA,NA,109.5,760,140.12,8407000,8402000,11593
2020-03-27,1802,201.96,69.56,84.61,1620,NA,175.4,28.2,113,747,132.77,7967000,7753000,12273
2020-03-28,1638,191.91,51.52,88.4,2217,NA,NA,NA,102,505,96.41,5785000,5785000,8372
2020-03-29,NA,NA,NA,NA,NA,NA,NA,NA,103,554,101.57,6094000,6094000,9138
2020-03-30,NA,NA,NA,NA,NA,NA,NA,NA,103,481,86.18,5171000,5171000,8088
2020-03-31,NA,NA,NA,NA,NA,NA,NA,NA,104.333333333333,595,111.8,6708000,6708000,9822
2020-04-01,NA,NA,NA,NA,NA,NA,NA,NA,103.333333333333,530,95.56,5734000,5734000,8843
2020-04-02,NA,NA,NA,NA,NA,NA,NA,NA,105.333333333333,504,88.74,5325000,5325000,8376
2020-04-03,NA,NA,NA,NA,NA,NA,NA,NA,106,965,151.41,9085000,8822000,16380
2020-04-04,NA,NA,NA,NA,NA,NA,NA,NA,102.666666666667,524,98.13,5888000,5888000,8636
2020-04-05,NA,NA,NA,NA,NA,NA,176.8,28.42,108,732,128.85,7731000,7731000,8553
2020-04-06,NA,NA,NA,NA,NA,NA,NA,NA,100.333333333333,522,94.72,5683000,5683000,8628
2020-04-07,NA,NA,NA,NA,NA,NA,NA,NA,101.666666666667,542,103.21,6193000,6193000,8811
2020-04-08,NA,NA,NA,NA,NA,NA,NA,NA,103.25,653,148.03,8882000,8879000,6901
2020-04-09,1787,181.06,71.79,93.88,1943,NA,NA,NA,109.75,787,137.25,8235000,8107000,11095
2020-04-10,NA,NA,NA,NA,NA,NA,NA,NA,99,484,87.01,5221000,5221000,8039
2020-04-11,NA,NA,NA,NA,NA,NA,NA,NA,104.25,639,120.35,7221000,7221000,10145
2020-04-12,NA,NA,NA,NA,NA,NA,NA,NA,111.75,873,137.23,8233000,8228000,11748
2020-04-13,NA,NA,NA,NA,NA,NA,NA,NA,107,1110,227.2,13632000,13628000,14424
2020-04-14,NA,NA,NA,NA,NA,NA,178.7,28.73,104,491,88.75,5325000,5325000,8167
2020-04-15,NA,NA,NA,NA,NA,NA,NA,NA,101.666666666667,665,120.31,7219000,7219000,10823
2020-04-16,NA,NA,NA,NA,NA,NA,NA,NA,103.666666666667,385,72.55,4353000,4353000,6109
2020-04-17,690,87.65,25.76,26.26,440,NA,NA,NA,105,275,48.65,2919000,2919000,4567
2020-04-18,949,144.87,24.45,32.54,755,NA,175.2,28.17,103.666666666667,468,87.9,5274000,5274000,7597
2020-04-19,1183,177.94,29.36,43.9,1178,NA,174.1,27.99,106.666666666667,488,85.33,5120000,5120000,8137
2020-04-20,839,104.39,32.34,26.97,670,NA,NA,NA,105.75,915,144.85,8691000,8668000,15306
2020-04-21,1420,178.76,44.93,65.15,1583,NA,173.5,27.88,100,583,105.83,6350000,6350000,9819
2020-04-22,1494,183.89,45.05,65.17,2028,NA,173,27.81,107.75,945,151.89,9113000,9110000,13564
2020-04-23,1341,156.31,40.49,82.2,1064,NA,173.5,27.88,104.75,664,119.45,7167000,7167000,8755
2020-04-24,2253,191.52,110.17,91.47,2007,NA,172.8,27.78,101.75,611,118.64,7118000,7118000,9295
2020-04-25,NA,NA,NA,NA,NA,NA,173.2,27.85,98.3333333333333,524,99,5940000,5940000,8663
2020-04-26,NA,NA,NA,NA,NA,NA,174.1,27.99,97.6666666666667,558,110.94,6656000,6656000,8906
2020-04-27,NA,NA,NA,NA,NA,NA,176.8,28.42,100.333333333333,527,101.53,6092000,6092000,8420
2020-04-28,NA,NA,NA,NA,NA,NA,NA,NA,105.25,610,118.66,7119000,7119000,8977
2020-04-29,1444,162.62,53.27,70.74,1623,NA,NA,NA,105.333333333333,578,105.8,6348000,6348000,9414
2020-04-30,NA,NA,NA,NA,NA,NA,NA,NA,101.666666666667,500,95.59,5735000,5735000,7930
2020-05-01,NA,NA,NA,NA,NA,NA,177,28.45,104.2,680,127.99,7679000,7679000,10837
2020-05-02,NA,NA,NA,NA,NA,NA,176.8,28.42,100.666666666667,567,104.97,6298000,6298000,9363
2020-05-03,NA,NA,NA,NA,NA,NA,NA,NA,103.666666666667,570,102.41,6144000,6144000,9409
2020-05-04,NA,NA,NA,NA,NA,NA,NA,NA,NA,NA,NA,NA,NA,NA
2020-05-05,NA,NA,NA,NA,NA,NA,177.9,28.59,112.166666666667,1080,179.97,10798000,10793000,16413
2020-05-06,NA,NA,NA,NA,NA,NA,NA,NA,105.5,373,67.4,4044000,4044000,6151
2020-05-07,NA,NA,NA,NA,NA,NA,177.9,28.59,104,676,122.03,7322000,7322000,11022
2020-05-08,NA,NA,NA,NA,NA,NA,NA,NA,104.666666666667,466,91.29,5478000,5478000,7226
2020-05-09,NA,NA,NA,NA,NA,NA,NA,NA,106.5,320,59.73,3584000,3584000,4993
2020-05-10,NA,NA,NA,NA,NA,NA,177.2,28.49,101,481,93,5580000,5580000,7744
2020-05-11,NA,NA,NA,NA,NA,NA,NA,NA,107.666666666667,510,92.99,5580000,5580000,8256
2020-05-12,NA,NA,NA,NA,NA,NA,NA,NA,105.666666666667,534,99.01,5940000,5940000,8582
2020-05-13,NA,NA,NA,NA,NA,NA,NA,NA,118.75,942,141.02,8461000,8191000,14794
2020-05-14,NA,NA,NA,NA,NA,NA,177.9,28.59,105.666666666667,550,99.83,5990000,5990000,8958
2020-05-15,NA,NA,NA,NA,NA,NA,NA,NA,107.666666666667,531,93,5580000,5580000,8774
2020-05-16,NA,NA,NA,NA,NA,NA,NA,NA,120,931,140.56,8434000,8160000,14532
2020-05-17,NA,NA,NA,NA,NA,NA,178.3,28.66,106,394,86.77,5206000,5202000,5720
2020-05-18,2214,246.14,102.22,68.19,1747,NA,NA,NA,104.5,320,61.45,3687000,3687000,5124
2020-05-19,NA,NA,NA,NA,NA,NA,177.9,28.59,107,129,24.75,1485000,1485000,2074
2020-05-20,NA,NA,NA,NA,NA,NA,NA,NA,106,489,88.77,5326000,5326000,7939
2020-05-21,381,55.8,12.08,13,180,NA,179,28.77,104,485,92.99,5580000,5580000,7779
2020-05-22,396,64.8,9.84,11.28,120,NA,NA,NA,115.666666666667,682,115,6900000,6727000,7747
2020-05-23,NA,NA,NA,NA,NA,NA,180.5,29.02,103,530,94.74,5684000,5684000,8625
2020-05-24,1359,171.46,54.72,39.61,865,NA,NA,NA,117,942,145.27,8716000,8589000,13776
2020-05-25,NA,NA,NA,NA,NA,NA,NA,NA,108.75,657,118.59,7115000,7115000,9672
2020-05-26,NA,NA,NA,NA,NA,NA,179.6,28.88,111,874,153.62,9217000,9217000,12128
2020-05-27,NA,NA,NA,NA,NA,NA,179.2,28.81,106.333333333333,465,85.33,5120000,5120000,7396
2020-05-28,NA,NA,NA,NA,NA,NA,178.7,28.73,103.666666666667,485,89.6,5376000,5376000,7858
2020-05-29,NA,NA,NA,NA,NA,NA,178.3,28.66,106,491,91.31,5478000,5478000,7952
2020-05-30,NA,NA,NA,NA,NA,NA,NA,NA,104.5,380,69.13,4148000,4148000,6300
2020-05-31,NA,NA,NA,NA,NA,NA,179.4,28.84,120.75,812,118.78,7127000,6681000,12544
2020-06-01,NA,NA,NA,NA,NA,NA,179.6,28.88,114.333333333333,594,104.43,6266000,6262000,6216
2020-06-02,2381,287.25,85.4,101.71,3037,NA,NA,NA,105,286,69.87,4192000,4192000,6613
2020-06-03,2018,244.35,75.16,77.71,2677,NA,182.1,29.27,122.75,881,136.13,8168000,7690000,11949
2020-06-04,1561,197.92,46,77.97,1367,NA,180.5,29.02,116.333333333333,728,115.2,6912000,6912000,5600
2020-06-05,1560,208.53,38.58,81.14,2272,NA,NA,NA,102.5,405,73.4,4404000,4404000,6665
2020-06-06,1661,200.74,49.26,85.61,2863.67,NA,178.3,28.66,109.8,586,112.64,6758000,6758000,7724
2020-06-07,1652,165.3,68.33,82.03,2387,NA,177.9,28.59,102.5,302,56.32,3379000,3379000,4979
2020-06-08,1494,169.62,55.08,84.27,1600,NA,177.4,28.52,102.5,565,106.67,6400000,6400000,9150
2020-06-09,1575,190.23,58.66,63.76,1972,NA,177,28.45,116,831,150.8,9048000,7326000,12750
2020-06-10,1767,231.5,52.36,85.27,1765,NA,176.3,28.34,101.666666666667,533,96.42,5785000,5785000,8782
2020-06-11,1589,161.9,51.29,86.91,2430,NA,177.4,28.52,111.75,893,131.14,7868000,7657000,13938
2020-06-12,1515,146.56,62.96,79.99,2269,NA,176.5,28.38,107,611,124.31,7458000,7453000,5913
2020-06-13,1409,192.22,46.32,49.97,1529.5,NA,NA,NA,104.5,350,67.41,4045000,4045000,5307
2020-06-14,1637,208.5,48.63,75.6,2117,NA,NA,NA,118.666666666667,681,100.65,6039000,5826000,10339
2020-06-15,1658,210.63,52.86,74.56,2082,NA,NA,NA,106,806,142.45,8547000,8399000,10790
2020-06-16,1753,234.06,45.56,86.71,2682,NA,175.7,28.24,98.3333333333333,433,83.63,5018000,5018000,7059
2020-06-17,1611,178.59,52.24,85.98,2170.25,NA,174.6,28.06,109.5,1055,180.59,10835000,10673000,14791
2020-06-18,1554,177.19,51.74,83.45,2000.25,NA,174.3,28.03,106,848,150.2,9012000,9012000,7280
2020-06-19,1663,153.05,62.6,80.87,1178.67,2000,174.6,28.06,99.6666666666667,534,99,5940000,5940000,8860
2020-06-20,1699,183.43,60.8,79.67,2438.67,NA,173.9,27.95,118,750,113.43,6806000,6539000,11919
2020-06-21,2374,277.78,97.81,86.79,2961.8,NA,NA,NA,105,237,42.67,2560000,2560000,3914
2020-06-22,1713,199.89,60.49,83.05,2284.5,2000,NA,NA,118.8,988,149.64,8979000,8510000,14602
2020-06-23,1484,189.65,45.17,68.31,1792.7,2000,174.6,28.06,101,442,88.75,5325000,5325000,6999
2020-06-24,1571,164.41,67.54,67.92,1727,2000,173.7,27.92,109.8,908,168.77,10126000,10124000,11357
2020-06-25,1587,186.82,58.93,62.37,1912,2500,174.3,28.03,105,507,99.82,5990000,5990000,6205
2020-06-26,1589,188.29,47.97,81.25,2214.5,1500,NA,NA,113.333333333333,672,98.84,5930000,5928000,8668
2020-06-27,1699,162.68,84.25,69.55,912.13,2000,172.4,27.71,103.666666666667,500,100.71,6043000,6043000,7334
2020-06-28,1661,192.69,58.24,51.04,2031,2000,171.5,27.57,120.333333333333,699,114.57,6874000,6230000,11168
2020-06-29,1538,185.53,52.67,67.43,1818.2,NA,171.9,27.64,95.5,583,118.59,7115000,7115000,9582
2020-06-30,1645,219.87,44.46,77.17,2287,1500,171.2,27.53,100.5,295,60.58,3635000,3635000,4765
2020-07-01,1513,175.12,59.1,55,2002.75,2250,170.8,27.46,104,356,67.42,4045000,4045000,5816
2020-07-02,1523,206.68,41.13,73.5,1977,2250,171,27.49,107.333333333333,737,130.57,7834000,7834000,5632
2020-07-03,1431,172.16,43.54,75.57,2117,2500,NA,NA,101.666666666667,385,76.82,4609000,4609000,6065
2020-07-04,1476,159.58,62.52,57.12,1496.25,2000,170.1,27.35,103,382,71.7,4302000,4302000,6355
2020-07-05,1963,228.17,91.8,63.71,1191,2500,182.9,29.41,102.5,306,58.03,3482000,3482000,4882
2020-07-06,1798,220.87,60.53,88.92,2410,1500,169.5,27.25,105,309,58.88,3533000,3533000,5008
2020-07-07,NA,NA,NA,NA,NA,NA,170.6,27.42,105,513,96.43,5786000,5786000,8217
2020-07-08,2638,305.23,104.36,102.02,1919,NA,170.8,27.46,102,407,86.18,5171000,5171000,6194
2020-07-09,1511,157.87,57.02,79.38,1712,2750,169.9,27.32,109.666666666667,791,138.25,8295000,8295000,5635
2020-07-10,1492,194.76,39.55,60.39,2019,NA,NA,NA,108.5,256,56.32,3379000,3379000,2613
2020-07-11,1586,192.81,48.22,82.43,2187,2000,170.8,27.46,102.666666666667,483,89.6,5376000,5376000,8087
2020-07-12,1757,218.46,57.37,77.24,2037,NA,169.5,27.25,100.666666666667,492,95.55,5733000,5733000,8101
2020-07-13,1582,175.01,54.45,70.4,2183.25,1500,NA,NA,101,509,103.27,6196000,6196000,7900
2020-07-14,1620,207.08,46.35,84.61,1947,2000,169,27.18,99.6666666666667,362,70.82,4249000,4249000,5973
2020-07-15,1661,216.19,50.28,75.21,2439.5,2500,168.4,27.07,99,330,66.57,3994000,3994000,5464
2020-07-16,1635,201.47,49.62,87.94,1946.5,2250,168.8,27.14,112.75,883,143.64,8618000,8210000,14402
2020-07-17,1764,206.32,55.33,99.11,2304.5,2500,168.6,27.1,102.333333333333,497,90.45,5427000,5427000,8382
2020-07-18,1507,222.34,37.7,51.52,2192,2000,169.3,27.21,105.333333333333,668,120.3,7218000,7218000,6624
2020-07-19,2152,243.49,83.93,31.19,1862.5,NA,168.6,27.1,94.5,307,61.44,3686000,3686000,5135
2020-07-20,1548,170.79,55.82,71.71,2262,2500,167.5,26.93,100,379,77.64,4658000,4658000,6253
2020-07-21,1587,203.77,41.92,67.71,2504,2000,168.6,27.1,115.5,645,105.27,6316000,6314000,6469
2020-07-22,1418,159.39,48.59,72.33,2014,2500,167.7,26.96,127.75,758,108.85,6531000,6428000,11075
2020-07-23,1569,166.88,64.78,74.57,2052,2500,167.7,26.96,108.333333333333,735,144.62,8677000,8670000,9067
2020-07-24,1544,191.43,41.67,58.66,1949,2000,167.9,27,98,319,61.45,3687000,3687000,5398
2020-07-25,1441,137.48,67.76,69.08,1862,2000,166.6,26.79,111.6,947,149.52,8971000,8621000,15391
2020-07-26,1528,174.84,55.47,76.27,2724.75,NA,166.2,26.71,98.5,325,66.57,3994000,3994000,5201
2020-07-27,1511,157.36,65.7,68.59,1812,2500,165.5,26.61,101.5,336,63.14,3788000,3788000,5498
2020-07-28,1422,185.67,39.55,74.41,2575.75,2000,165.7,26.64,118.666666666667,776,110.84,6650000,6645000,12300
2020-07-29,2350,269.44,101.31,76.5,2058,NA,166,26.68,101,363,72.52,4351000,4351000,5745
2020-07-30,2051,247.41,82.22,84.27,2161,NA,165.5,26.61,102.5,306,58.88,3533000,3533000,5084
2020-07-31,NA,NA,NA,NA,NA,NA,NA,NA,105.5,399,77.67,4660000,4660000,6353
2020-08-01,NA,NA,NA,NA,NA,NA,166.8,26.82,105,152,27.3,1638000,1638000,2472
2020-08-02,NA,NA,NA,NA,NA,NA,NA,NA,112.5,769,166.47,9988000,9706000,2056
2020-08-03,NA,NA,NA,NA,NA,NA,NA,NA,141.666666666667,1204,152.19,9131000,9122000,11414
2020-08-04,NA,NA,NA,NA,NA,NA,NA,NA,NA,183,43.53,2612000,2612000,0
2020-08-05,NA,NA,NA,NA,NA,NA,NA,NA,NA,NA,NA,NA,NA,NA
2020-08-06,NA,NA,NA,NA,NA,NA,NA,NA,125.666666666667,977,143.44,8606000,8601000,12413
2020-08-07,NA,NA,NA,NA,NA,NA,NA,NA,116,200,49.5,2970000,2967000,1620
2020-08-08,NA,NA,NA,NA,NA,NA,NA,NA,115,478,83.05,4983000,4980000,6424
2020-08-09,2366,294.64,78.75,91.67,2154.5,2000,171,27.49,114.25,803,154.99,9299000,9161000,10776
2020-08-10,1620,188,59.84,76.09,1890,2500,173,27.81,125,826,128.99,7739000,7453000,12901
2020-08-11,1528,183.07,53.33,75.01,1920,2250,170.8,27.46,112.666666666667,603,113.5,6810000,6810000,5508
2020-08-12,1600,189.75,51.59,83.89,2205.75,NA,169.7,27.28,105,360,71.68,4301000,4301000,5714
2020-08-13,1714,159.98,83.48,76.64,1802,NA,168.8,27.14,114.666666666667,985,162.39,9744000,9742000,14325
2020-08-14,2717,277.19,117.75,112.35,1457,NA,167.9,27,98.5,320,66.57,3994000,3994000,5284
2020-08-15,2422,265.71,90.56,126.64,2142,1500,167.7,26.96,102,398,79.37,4762000,4762000,6475
2020-08-16,2847,354.13,115.49,90.28,2290,NA,168.8,27.14,123.75,917,131.2,7872000,7610000,13011
2020-08-17,NA,NA,NA,NA,NA,NA,168.2,27.03,108,505,98.15,5889000,5889000,8330
2020-08-18,2454,259.01,113.89,87.79,2297,NA,170.4,27.39,109.75,588,117.77,7066000,7066000,8707
2020-08-19,1231,139.12,40.3,69.5,1075,NA,170.6,27.42,108,927,183.06,10984000,10982000,10235
2020-08-20,NA,NA,NA,NA,NA,NA,171.2,27.53,116.333333333333,707,116.07,6964000,6964000,4704
2020-08-21,NA,NA,NA,NA,NA,NA,NA,NA,108,151,28.15,1689000,1689000,2444
2020-08-22,NA,NA,NA,NA,NA,NA,171.2,27.53,111.5,354,63.15,3789000,3789000,4654
2020-08-23,NA,NA,NA,NA,NA,NA,171.9,27.64,104.333333333333,511,100.69,6041000,6041000,8234
2020-08-24,NA,NA,NA,NA,NA,NA,173.7,27.92,103,171,34.15,2049000,2049000,2724
2020-08-25,NA,NA,NA,NA,NA,NA,NA,NA,112.5,313,58.04,3482000,3482000,4991
2020-08-26,NA,NA,NA,NA,NA,NA,172.1,27.67,110.5,343,67.4,4044000,4044000,5343
2020-08-27,2838,279.16,135.14,111.81,1953.8,NA,172.8,27.78,110.5,377,73.38,4403000,4403000,6003
2020-08-28,NA,NA,NA,NA,NA,NA,NA,NA,117,645,112.66,6759000,6759000,4699
2020-08-29,NA,NA,NA,NA,NA,NA,NA,NA,102,263,54.62,3277000,3277000,4247
2020-08-30,NA,NA,NA,NA,NA,NA,173.5,27.88,106,178,36.7,2202000,2202000,2930
2020-08-31,1811,220.54,61.76,80.05,3083.33,NA,NA,NA,109.333333333333,568,108.39,6503000,6503000,8932
2020-09-01,NA,NA,NA,NA,NA,NA,172.6,27.74,107,505,95.59,5735000,5735000,8434
2020-09-02,NA,NA,NA,NA,NA,NA,175,28.13,106.666666666667,502,98.13,5888000,5888000,7993
2020-09-03,NA,NA,NA,NA,NA,NA,174.1,27.99,110.25,963,184.32,11059000,11059000,12676
2020-09-04,NA,NA,NA,NA,NA,NA,NA,NA,105,203,39.25,2355000,2355000,3309
2020-09-05,NA,NA,NA,NA,NA,NA,NA,NA,105.5,273,58.03,3482000,3482000,4198
2020-09-06,NA,NA,NA,NA,NA,NA,NA,NA,107.333333333333,497,94.72,5683000,5683000,8097
2020-09-07,NA,NA,NA,NA,NA,NA,NA,NA,104.333333333333,477,89.61,5377000,5377000,7945
2020-09-08,NA,NA,NA,NA,NA,NA,NA,NA,117,660,116.3,6978000,6974000,8160
2020-09-09,NA,NA,NA,NA,NA,NA,176.3,28.34,107,366,67.41,4045000,4045000,6158
2020-09-10,NA,NA,NA,NA,NA,NA,NA,NA,109,277,52.9,3174000,3174000,4338
2020-09-11,NA,NA,NA,NA,NA,NA,NA,NA,103.5,339,64.85,3891000,3891000,5472
2020-09-12,NA,NA,NA,NA,NA,NA,175.4,28.2,117.666666666667,566,98.03,5882000,5880000,6766
2020-09-13,NA,NA,NA,NA,NA,NA,177,28.45,110.5,290,54.64,3278000,3278000,4662
2020-09-14,NA,NA,NA,NA,NA,NA,176.1,28.31,112,152,26.45,1587000,1587000,2431
2020-09-15,NA,NA,NA,NA,NA,NA,NA,NA,120,1150,181.52,10891000,10887000,13727
2020-09-16,NA,NA,NA,NA,NA,NA,177.2,28.49,108.5,441,84.48,5069000,5069000,7176
2020-09-17,NA,NA,NA,NA,NA,NA,NA,NA,123.666666666667,928,129.92,7795000,7792000,14222
2020-09-18,NA,NA,NA,NA,NA,NA,178.7,28.73,116.75,851,141.65,8499000,8499000,8214
2020-09-19,1380,146.17,54.44,67.03,1170,NA,178.7,28.73,110.333333333333,511,92.15,5529000,5529000,8282
2020-09-20,NA,NA,NA,NA,NA,NA,NA,NA,112.75,888,139.99,8399000,8171000,14364
2020-09-21,NA,NA,NA,NA,NA,NA,178.1,28.63,112,618,111.79,6707000,6707000,9811
2020-09-22,NA,NA,NA,NA,NA,NA,NA,NA,132,913,127.57,7654000,7436000,11721
2020-09-23,NA,NA,NA,NA,NA,NA,180.5,29.02,107,401,75.1,4506000,4506000,6456
2020-09-24,NA,NA,NA,NA,NA,NA,179.8,28.91,114.666666666667,792,127.75,7665000,7660000,13017
2020-09-25,NA,NA,NA,NA,NA,NA,NA,NA,108.333333333333,478,87.05,5223000,5223000,7909
2020-09-26,NA,NA,NA,NA,NA,NA,NA,NA,103.75,573,105.04,6302000,6302000,9451
2020-09-27,NA,NA,NA,NA,NA,NA,NA,NA,111,523,93.87,5632000,5632000,8468
2020-09-28,NA,NA,NA,NA,NA,NA,182.3,29.3,103.666666666667,397,71.74,4304000,4304000,6359
2020-09-29,NA,NA,NA,NA,NA,NA,180.7,29.05,107,1330,225.19,13511000,13310000,20939
2020-09-30,NA,NA,NA,NA,NA,NA,181.8,29.23,104.666666666667,420,76.02,4561000,4561000,6736
2020-10-01,NA,NA,NA,NA,NA,NA,NA,NA,107.4,907,159.5,9570000,9570000,8700
2020-10-02,NA,NA,NA,NA,NA,NA,181.4,29.16,110.2,1033,174.67,10480000,10355000,15997
2020-10-03,NA,NA,NA,NA,NA,NA,180.3,28.98,110.333333333333,534,99.85,5991000,5991000,8643
2020-10-04,NA,NA,NA,NA,NA,NA,181.4,29.16,116,680,122.16,7330000,6963000,9999
2020-10-05,NA,NA,NA,NA,NA,NA,181.4,29.16,111.333333333333,647,112.65,6759000,6759000,10483
2020-10-06,2050,228.93,88.01,72.48,2010.5,1500,182.9,29.41,110,940,155.87,9352000,9213000,15571
2020-10-07,1893,194,86.35,76.24,2124,2000,180.9,29.09,106.333333333333,594,110.93,6656000,6656000,9544
2020-10-08,1641,160.96,65.08,90.9,2262.5,1500,179.6,28.88,114,1033,181.76,10906000,10412000,16622
2020-10-09,1583,211.41,49.57,63.91,2310,500,179,28.77,104.666666666667,649,126.29,7577000,7577000,10314
2020-10-10,1603,218.63,46.51,71.85,1882,NA,180.5,29.02,103.5,554,104.19,6251000,6251000,8940
2020-10-11,1739,191.02,67.35,85.5,1950,NA,179.4,28.84,107,402,72.53,4352000,4352000,6445
2020-10-12,1588,212.38,43,73.91,2249.5,1750,179.8,28.91,111.333333333333,898,152.25,9135000,8586000,14811
2020-10-13,1864,197.53,57.76,128.79,2227,1500,177.9,28.59,108,352,59.73,3584000,3584000,5881
2020-10-14,1801,172.04,61.32,126.21,2731.75,2000,177,28.45,113.25,854,137.83,8270000,8041000,11706
2020-10-15,1748,188.4,52.48,116.78,3058.75,2000,177.2,28.49,116.6,1222,190.6,11436000,11307000,13389
2020-10-16,1547,171.78,39.41,91.56,2240,1000,NA,NA,107.666666666667,507,90.45,5427000,5427000,8218
2020-10-17,1673,223.82,48.76,77.32,2205,NA,NA,NA,107.666666666667,537,99.86,5991000,5991000,8512
2020-10-18,1682,169.97,68.84,80.21,2100,NA,177.6,28.56,114.75,912,142.24,8535000,8394000,14540
2020-10-19,1558,171.76,43.61,119.73,2402.5,1000,176.8,28.42,103.333333333333,527,93.85,5631000,5631000,8827
2020-10-20,1606,159.28,50.68,114.63,2121,2250,177.2,28.49,111.666666666667,906,147.07,8824000,8150000,15251
2020-10-21,1651,197.96,59.98,77.03,1940,2000,174.8,28.1,105.333333333333,497,90.47,5428000,5428000,8406
2020-10-22,1657,178.85,56.06,102.69,2045,2250,175.7,28.24,107.25,1036,183.2,10992000,10417000,17518
2020-10-23,1499,191,44.79,70.27,2221,1000,175.4,28.2,106,516,89.62,5377000,5377000,8682
2020-10-24,1685,178.27,51.56,119.85,2303.5,NA,NA,NA,105.333333333333,501,92.18,5531000,5528000,8187
2020-10-25,1865,197.23,70.07,98.33,2391,1750,174.8,28.1,115.75,1272,172.68,10361000,10225000,20379
2020-10-26,1812,207.89,55.88,105.36,2112,2250,175.2,28.17,113,621,104.97,6298000,6298000,6391
2020-10-27,1820,191.23,59.59,112.43,2130,NA,174.3,28.03,114.75,897,136.3,8178000,7857000,14682
2020-10-28,1623,193.27,44.81,104.67,2765.75,2000,174.6,28.06,100.5,659,131.44,7886000,7886000,10337
2020-10-29,1730,220.53,49.62,88.72,2306,NA,173.5,27.88,109.5,981,163,9780000,9778000,13497
2020-10-30,1630,207.6,42.86,96.86,2328,2000,173.7,27.92,101.666666666667,547,101.57,6094000,6094000,8948
2020-10-31,1788,169.35,59.3,135.85,2175,2000,NA,NA,114,968,141.05,8463000,8220000,16119
2020-11-01,1634,177.8,57.87,92.68,2001,NA,174.3,28.03,101,519,93.02,5581000,5581000,8674
2020-11-02,1625,192.8,53.02,85.13,1945,2500,174.3,28.03,113.25,1247,176.17,10570000,10383000,19935
2020-11-03,1821,216.88,57.19,107.32,2166,1750,174.1,27.99,99.3333333333333,468,89.6,5376000,5376000,7786
2020-11-04,1703,238.46,43.95,81.27,2191,1500,173.7,27.92,102.333333333333,525,98.12,5887000,5887000,8701
2020-11-05,1632,195.07,54.52,88.01,1960,NA,173.5,27.88,110.2,1119,181.76,10906000,10906000,14371
2020-11-06,1475,179.61,44.48,75.06,1900,2000,172.4,27.71,98.75,584,111.81,6708000,6708000,9392
2020-11-07,1453,151.92,47.68,85.7,1990,NA,173.7,27.92,108,768,133.46,8007000,8005000,11015
2020-11-08,1516,161.33,43.84,98.24,1715.5,1000,173.2,27.85,100,329,64.02,3841000,3841000,5367
2020-11-09,1590,163.06,52.21,118.69,2070,1000,172.8,27.78,98.5,428,87.05,5223000,5223000,6983
2020-11-10,1587,190.96,48.02,87.64,1820.5,2000,NA,NA,113.25,1197,184.79,11087000,10130000,19282
2020-11-11,1726,217.81,58.48,78.75,1997,NA,171.7,27.6,101.5,380,69.97,4198000,4198000,6424
2020-11-12,1995,238.37,47.25,143.58,3526,1500,172.6,27.74,98,368,71.66,4300000,4300000,6102
2020-11-13,1754,219.65,45.14,107.2,2483.5,NA,172.1,27.67,107.8,1221,169.2,10152000,10140000,19514
2020-11-14,1700,192.29,55.47,101.67,1770,NA,171.7,27.6,102.333333333333,538,102.38,6143000,6143000,8828
2020-11-15,1610,184.13,62.95,68.91,2091,2000,170.1,27.35,112,973,155.67,9340000,9137000,13740
2020-11-16,1633,193.43,51.57,95.41,1930,NA,170.6,27.42,99,516,104.11,6247000,6247000,8421
2020-11-17,1557,180.73,52.68,86.57,2233,NA,170.8,27.46,102.5,981,172.54,10352000,10221000,16750
2020-11-18,1677,194.67,53.84,96.71,2090,2000,169.5,27.25,102.333333333333,561,104.12,6247000,6247000,9482
2020-11-19,1641,182.82,58.18,88.77,2368,NA,169.3,27.21,103,1002,180.25,10815000,10373000,17027
2020-11-20,1620,188.27,50.76,96.98,1950,NA,169,27.18,107.5,1004,176.42,10585000,10583000,14011
2020-11-21,1742,174.84,69.02,100.43,2103.5,NA,168.8,27.14,101,536,106.67,6400000,6400000,8717
2020-11-22,1685,192.77,52.26,101.91,2200,NA,169,27.18,112.75,1332,204.71,12283000,12158000,17422
2020-11-23,1506,208.66,30.02,93.5,1998.5,NA,169.9,27.32,98.5,425,82.77,4966000,4966000,7173
2020-11-24,1619,213.14,46.78,81.35,1795,NA,168.8,27.14,104.666666666667,539,102.4,6144000,6144000,8820
2020-11-25,1913,241.4,58.85,85.15,2203.5,NA,169.3,27.21,112.666666666667,910,146.7,8802000,8619000,12124
2020-11-26,1533,226.03,38.27,58.66,2433.5,NA,170.8,27.46,115.666666666667,861,125.18,7511000,7293000,14006
2020-11-27,1594,209.3,44.95,86.09,1993.5,NA,168.8,27.14,103,651,120.31,7219000,7219000,10898
2020-11-28,1603,170.21,58.97,92.33,1643.5,NA,168.2,27.03,102,573,110.08,6605000,6605000,9358
2020-11-29,1657,188.79,57.07,98.2,2063.5,NA,167.5,26.93,115.25,1129,157.59,9455000,9441000,18410
2020-11-30,1597,184.61,49.43,101.88,2203.5,NA,167.1,26.86,99.6666666666667,563,110.08,6605000,6605000,9554
2020-12-01,1672,190.04,62.87,78.66,1635.5,NA,167.3,26.89,102.666666666667,524,99.84,5990000,5990000,8820
2020-12-02,1562,186.92,43.69,97.97,2188,NA,167.1,26.86,108.75,949,169.22,10153000,10023000,13785
2020-12-03,1766,298.44,45.33,117.19,1825,NA,166.6,26.79,105.333333333333,505,92.17,5530000,5530000,8509
2020-12-04,1702,226.57,37.64,98.85,2303.5,NA,167.1,26.86,113.75,972,154.21,9253000,9029000,14554
2020-12-05,2011,256.38,55.28,116.46,2319.5,NA,167.9,27,101.333333333333,565,104.95,6297000,6297000,9496
2020-12-06,1741,209.8,52.66,110.82,2128.5,NA,168.6,27.1,117.666666666667,918,130.72,7843000,7784000,15193
2020-12-07,1752,215.6,53.28,97.74,2403.5,NA,166.2,26.71,107.75,738,149.12,8947000,8506000,10603
2020-12-08,1642,206.26,55.5,76.54,1720.5,NA,166,26.68,110.4,1114,190.99,11460000,11458000,16045
2020-12-09,1797,212.2,66.61,82.67,2004.5,NA,166,26.68,99.3333333333333,514,103.23,6194000,6194000,8658
2020-12-10,1365,167.33,42.59,82.29,1906,NA,166.8,26.82,99,377,73.4,4404000,4404000,6385
2020-12-11,1669,213.75,50.56,87.66,1923.5,NA,164.9,26.5,105.333333333333,1026,172.76,10365000,10355000,14564
2020-12-12,1692,218.6,46.75,92.86,2008.5,NA,165.1,26.54,102.333333333333,515,98.14,5888000,5888000,8934
2020-12-13,1807,221.49,66.66,77.63,2183.5,NA,165.3,26.57,113.25,1195,178.49,10710000,10580000,19782
2020-12-14,1402,172.59,46.18,67.57,1485,NA,166.2,26.71,92.8,637,156.16,9370000,9370000,9579
2020-12-15,1755,208.07,57.03,101.1,2193.5,NA,164,26.36,104.666666666667,527,98.14,5888000,5888000,8900
2020-12-16,1705,183.67,58.58,112.53,2170,NA,163.5,26.29,112.5,1115,168.85,10131000,9845000,18575
2020-12-17,1691,189.46,65.17,88.1,1996,NA,164,26.36,102.25,631,119.49,7169000,7169000,10845
2020-12-18,1681,175.4,70.35,88.88,1866,NA,163.5,26.29,115,881,126.64,7598000,7587000,14557
2020-12-19,1827,213.2,64.51,92.42,1896,NA,163.3,26.25,100.666666666667,474,90.49,5429000,5429000,8234
2020-12-20,1628,211.05,45.33,92.71,2074,NA,162.9,26.18,99,545,105.81,6349000,6349000,9399
2020-12-21,1617,205.03,46.49,93.45,2360,NA,164.4,26.43,115.333333333333,851,122.75,7365000,7360000,14347
2020-12-22,1738,223.47,61.45,78.15,1674,NA,162.4,26.11,100.666666666667,486,93.02,5581000,5581000,8496
2020-12-23,1639,195.6,53.26,88.3,1637,NA,163.5,26.29,110.75,870,139.68,8381000,8147000,14333
2020-12-24,2128,228.09,81.46,104.64,1136.25,NA,163.5,26.29,101,463,87.03,5222000,5222000,8122
2020-12-25,2435,272.11,102.59,85.15,2057.2,NA,164.2,26.4,116,1203,167.75,10065000,9755000,20154
2020-12-26,2732,352.28,105.1,83.78,2061.6,NA,NA,NA,102.25,600,116.06,6964000,6964000,9819
2020-12-27,3476,416.47,147.18,106.55,2390.3,NA,164.4,26.43,112.75,1458,215.83,12950000,12944000,17771
2020-12-28,2693,396.74,80.9,77.95,2279.4,NA,NA,NA,115.25,1128,181.38,10883000,10239000,19242
2020-12-29,1649,203.14,51.78,89.91,1928.5,NA,166.6,26.79,113.75,960,149.5,8970000,8732000,16456
2020-12-30,1626,191.81,53.11,89.81,2292.5,NA,165.1,26.54,98.3333333333333,510,102.42,6145000,6145000,8657
2020-12-31,3089,279.86,120.06,77.77,3043.5,NA,163.8,26.33,113,1213,216.91,13015000,12799000,22066
2021-01-01,3074,162.5,137.58,17.2,2410,NA,165.5,26.61,98,513,103.26,6195000,6195000,8790
2021-01-02,1755,201.81,63.12,88.48,1998.5,NA,166.8,26.82,108,981,165.04,9902000,9408000,17363
2021-01-03,1605,198.17,51.9,86.04,2022.5,NA,166,26.68,105.333333333333,708,127.24,7634000,7612000,9481
2021-01-04,1707,206.03,59.45,84.48,2028.5,NA,164.2,26.4,113.2,1102,172.47,10348000,10197000,17904
2021-01-05,1755,211.53,61.48,86.24,2100,NA,164.4,26.43,98,528,103.25,6195000,6195000,9029
2021-01-06,1707,185.63,65.88,89.98,1940,NA,164.9,26.5,110.75,1067,165.11,9907000,9497000,18509
2021-01-07,1795,209.25,56.92,108.32,2158.5,3000,164.9,26.5,108,953,159.97,9598000,9207000,16528
2021-01-08,1543,172.88,63.36,72.17,2205,NA,164,26.36,99,543,106.67,6400000,6400000,9200
2021-01-09,1725,185.45,67.16,96.86,2318.5,2000,162.9,26.18,114,1453,228.15,13688000,13547000,21237
2021-01-10,1702,205.78,54.18,90.06,1830,2000,162.7,26.15,105.5,935,161.19,9671000,9668000,14640
2021-01-11,1744,213.3,56.37,91.96,1983.5,2750,163.3,26.25,111.25,1097,163.33,9800000,9663000,18342
2021-01-12,1628,197.55,43.29,105.9,1993.25,3000,163.8,26.33,98,533,104.11,6247000,6247000,9096
2021-01-13,1711,200,58.78,92.87,2288.5,2000,162.9,26.18,106.5,1114,180.38,10823000,10619000,16940
2021-01-14,1640,175.04,61.48,96.82,2432.25,2000,161.8,26.01,95.75,611,130.98,7859000,7856000,9782
2021-01-15,1736,206.4,63.35,79.48,1893.5,NA,162,26.04,109.25,1018,156.27,9376000,9068000,17213
2021-01-16,1582,174.47,52.12,97.59,2015,1500,162.7,26.15,97,352,65.7,3942000,3942000,6191
2021-01-17,1536,198.74,40.53,88.96,2068,NA,162.9,26.18,115,986,143.42,8605000,8479000,16685
2021-01-18,1511,180.9,49.79,81.72,1676.5,2000,161.1,25.9,100,785,166.68,10001000,9108000,13220
2021-01-19,1620,195.83,49.18,95.01,1813.94,2500,161.1,25.9,112.5,1070,204.31,12259000,8961000,17918
2021-01-20,1661,195.75,47.16,110.45,2467.75,1750,161.8,26.01,114,751,110.47,6628000,6520000,12772
2021-01-21,1630,206.6,47.81,90.1,2114.5,NA,160.4,25.79,111,896,174.32,10459000,9591000,13902
2021-01-22,1660,212.14,50.3,86.18,1865,NA,160.9,25.86,114.8,1355,202.96,12177000,11964000,23343
2021-01-23,1814,207.33,58.12,115.4,2036,2000,160.4,25.79,109.4,892,165.08,9905000,9766000,13474
2021-01-24,1861,226.97,50.55,129.74,2065,1500,160.2,25.76,108.5,1253,179.01,10740000,10466000,21449
2021-01-25,1625,191.82,50.29,97.88,1843,1500,160,25.72,96.6666666666667,781,153.03,9182000,9021000,13733
2021-01-26,1493,182.06,38.59,101.35,1585,NA,159.6,25.65,101.5,884,182.65,10959000,9990000,12139
2021-01-27,1607,156.51,66.36,89.5,1795,NA,159.8,25.69,110.5,1031,155.86,9351000,9224000,17475
2021-01-28,1657,222.16,39.04,108.05,1845,NA,158.9,25.55,107.25,1037,158.54,9512000,9504000,17834
2021-01-29,1586,232.36,36.49,74.9,2050,NA,159.3,25.62,109.75,926,141.59,8496000,8492000,16082
2021-01-30,1658,204.71,47.25,98.51,2285,NA,160,25.72,104,729,133.49,8009000,8008000,10199
2021-01-31,1619,203.76,50.21,82.74,1826.5,NA,158.9,25.55,109,1087,164.17,9851000,9644000,18690
2021-02-01,1636,227.14,37.87,88.96,2178,NA,159.8,25.69,93,496,112.63,6758000,6758000,8049
2021-02-02,1722,214.65,54.74,96.98,2072,NA,158.2,25.44,115.666666666667,1020,141.02,8461000,8256000,18047
